{
  "project_info": {
    "project_number": "346394213781",
    "firebase_url": "https://proyectoplazavea-85d66-default-rtdb.firebaseio.com",
    "project_id": "proyectoplazavea-85d66",
    "storage_bucket": "proyectoplazavea-85d66.appspot.com"
  },
  "client": [
    {
      "client_info": {
        "mobilesdk_app_id": "1:346394213781:android:8629d7cf50206b31de0a9c",
        "android_client_info": {
          "package_name": "firebase.app.google"
        }
      },
      "oauth_client": [
        {
          "client_id": "346394213781-hscrho6urf3ig7llkcugs0399n43e10f.apps.googleusercontent.com",
          "client_type": 3
        }
      ],
      "api_key": [
        {
          "current_key": "AIzaSyBMZny7dgbfNvfLVhpXooytH7xxPnD4xB4"
        }
      ],
      "services": {
        "appinvite_service": {
          "other_platform_oauth_client": [
            {
              "client_id": "346394213781-hscrho6urf3ig7llkcugs0399n43e10f.apps.googleusercontent.com",
              "client_type": 3
            }
          ]
        }
      }
    },
    {
      "client_info": {
        "mobilesdk_app_id": "1:346394213781:android:9b9e4953f7f04ccade0a9c",
        "android_client_info": {
          "package_name": "firebase.app.proyectoplazavea"
        }
      },
      "oauth_client": [
        {
          "client_id": "346394213781-oon0s75h14stp0of1vc8t3g0uibuvn17.apps.googleusercontent.com",
          "client_type": 1,
          "android_info": {
            "package_name": "firebase.app.proyectoplazavea",
            "certificate_hash": "be25bc77c9032b4790246f0bc5b65dc7a436f7ad"
          }
        },
        {
          "client_id": "346394213781-hscrho6urf3ig7llkcugs0399n43e10f.apps.googleusercontent.com",
          "client_type": 3
        }
      ],
      "api_key": [
        {
          "current_key": "AIzaSyBMZny7dgbfNvfLVhpXooytH7xxPnD4xB4"
        }
      ],
      "services": {
        "appinvite_service": {
          "other_platform_oauth_client": [
            {
              "client_id": "346394213781-hscrho6urf3ig7llkcugs0399n43e10f.apps.googleusercontent.com",
              "client_type": 3
            }
          ]
        }
      }
    },
    {
      "client_info": {
        "mobilesdk_app_id": "1:346394213781:android:1465305d2afc8d0ade0a9c",
        "android_client_info": {
          "package_name": "firebase.app.pruebaregistrarauth"
        }
      },
      "oauth_client": [
        {
          "client_id": "346394213781-hscrho6urf3ig7llkcugs0399n43e10f.apps.googleusercontent.com",
          "client_type": 3
        }
      ],
      "api_key": [
        {
          "current_key": "AIzaSyBMZny7dgbfNvfLVhpXooytH7xxPnD4xB4"
        }
      ],
      "services": {
        "appinvite_service": {
          "other_platform_oauth_client": [
            {
              "client_id": "346394213781-hscrho6urf3ig7llkcugs0399n43e10f.apps.googleusercontent.com",
              "client_type": 3
            }
          ]
        }
      }
    }
  ],
  "configuration_version": "1"
}